Year,Forecast,Lower_95,Upper_95
2025,121.08449514298461,113.89019940277417,128.27879088319506
2026,125.18572718596921,114.32663249602396,136.04482187591447
2027,129.28695922895383,115.13906696480866,143.43485149309902
2028,133.38819127193844,116.06296798475707,150.71341455911983
2029,137.48942331492304,117.00532769322686,157.97351893661923
2030,141.59065535790765,117.92329372554019,165.2580169902751
2031,145.69188740089226,118.79434888523645,172.58942591654807
2032,149.79311944387686,119.60577764659905,179.98046124115467
2033,153.89435148686147,120.35012988245066,187.43857309127227
2034,157.99558352984607,121.02300058468632,194.96816647500583
