F,p_value,restricted_rss,unrestricted_rss
5.167710839990928,0.009044819993407449,3061.340525809974,2545.484526558078
