F,p_value,restricted_rss,unrestricted_rss
8.036417852185805,0.0009249099701134078,261606.67965181428,198917.19981913542
