Regime,Start_Year,End_Year,Order,AIC
1,1970,1998,"(1, 2, 1)",103.73225268181218
2,1999,2003,"(3, 2, 1)",12.91483551481001
3,2004,2008,"(3, 2, 1)",19.464221000322258
4,2009,2024,"(0, 2, 1)",81.49934344366898
