F,p_value,restricted_rss,unrestricted_rss
1.6639442985086028,0.1995066628801555,61.663689385343424,57.88644174964639
