F,p_value,restricted_rss,unrestricted_rss
11.666389511863564,6.72883783496836e-05,809651.7971730399,555505.1512690585
