F,p_value,restricted_rss,unrestricted_rss
6.9792800021655905,0.0020932040800178964,87331.64595825237,68565.46609983197
