F,p_value,restricted_rss,unrestricted_rss
11.256961472925017,8.925133526671569e-05,4512.934954954527,3130.8311878855284
