F,p_value,restricted_rss,unrestricted_rss
15.619182639547091,5.112584905875295e-06,27287.36155598058,16922.216712748574
