F,p_value,restricted_rss,unrestricted_rss
22.760346044344473,8.614272273277379e-08,19.48689681464761,10.296566632922985
