Regime,Start_Year,End_Year,Order,AIC
1,1970,2002,"(0, 1, 3)",-305.19734955954107
2,2003,2007,"(0, 0, 0)",-43.45823876586367
3,2008,2012,"(2, 0, 0)",-34.71386678188253
4,2013,2024,"(2, 0, 1)",-105.5068057722247
