F,p_value,restricted_rss,unrestricted_rss
25.294308751114077,2.3360961387552948e-08,6185.072027031228,3105.0592195692993
