F,p_value,restricted_rss,unrestricted_rss
3.704634082267621,0.03145969355681566,6398.063195331186,5586.4631284665375
