F,p_value,restricted_rss,unrestricted_rss
12.889457848293892,2.946925384450516e-05,43.25369865802594,28.731046948835193
