Regime,Start_Year,End_Year,Order,AIC
1,1970,1982,"(0, 2, 2)",48.82821017680858
2,1983,1987,"(2, 2, 0)",6.0
3,1988,1992,"(2, 2, 0)",21.42959550625712
4,1993,2024,"(0, 2, 1)",210.27678971574701
