F,p_value,restricted_rss,unrestricted_rss
17.447511413869687,1.6859919812484137e-06,0.19505800623769468,0.11581530559777421
