F,p_value,restricted_rss,unrestricted_rss
14.902013236476689,8.007518174757422e-06,1.2372247689761573,0.7808826610751168
