F,p_value,restricted_rss,unrestricted_rss
8.08384657194512,0.0008921717209565694,1.3881904055948895,1.0540441002443348
