Year,Forecast,Lower_95,Upper_95
2025,109.90382637928288,95.74194588808676,124.06570687047899
2026,111.69253885856575,91.3539941619423,132.0310835551892
2027,113.48125133784863,88.19700784821117,138.7654948274861
2028,115.26996381713151,85.64786211415505,144.89206552010796
2029,117.05867629641439,83.47021746595364,150.64713512687513
2030,118.84738877569727,81.5453742776854,156.14940327370914
2031,120.63610125498015,79.80429488826567,161.46790762169462
2032,122.42481373426303,78.2029493667709,166.64667810175516
2033,124.2135262135459,76.71140772006927,171.71564470702253
2034,126.00223869282878,75.30834679530801,176.69613059034955
