F,p_value,restricted_rss,unrestricted_rss
1.1191233868093355,0.3344521510793401,971.9968321902757,931.1320609879392
