Year,Forecast,Lower_95,Upper_95
2025,0.1647760345369749,0.1617043249252496,0.16784774414870018
2026,0.16867291661550202,0.16335689488708632,0.1739889383439177
2027,0.1733140929352311,0.16594824873010391,0.18067993714035827
2028,0.17818448544277263,0.169112845699728,0.18725612518581725
2029,0.18276838166477535,0.17244202479817336,0.19309473853137735
2030,0.18660297966191364,0.1755012816704044,0.19770467765342287
2031,0.18932403561608122,0.17786627698668467,0.20078179424547776
2032,0.19069923208762032,0.1791617448433237,0.20223671933191695
2033,0.19064635618903555,0.17910713377064072,0.2021855786074304
2034,0.18923508405750367,0.17757655645830664,0.2008936116567007
