F,p_value,restricted_rss,unrestricted_rss
13.776757851590512,1.645568649932816e-05,6.669951778819939,4.330392315032207
