F,p_value,restricted_rss,unrestricted_rss
58.98174261614165,5.4289905904170155e-14,0.007263313284442428,0.002192361130556197
