F,p_value,restricted_rss,unrestricted_rss
7.389522656931563,0.0015198703974302896,686.7825268640325,532.4782186019937
