F,p_value,restricted_rss,unrestricted_rss
12.50092727329648,3.8196419220648536e-05,190.91282849385212,128.109429845787
