F,p_value,restricted_rss,unrestricted_rss
14.992281672176777,7.564535160597963e-06,912.4645573545797,574.6242308822444
