F,p_value,restricted_rss,unrestricted_rss
19.206633688834884,6.057443531215512e-07,11.340908631639866,6.468685880481317
