F,p_value,restricted_rss,unrestricted_rss
1.2997137400313394,0.2814852513610864,7887.820222994451,7505.282244336513
