F,p_value,restricted_rss,unrestricted_rss
29.242124182389922,3.4639582313644723e-09,29.48774681407471,13.735994994523743
