F,p_value,restricted_rss,unrestricted_rss
2.8900246870500617,0.06472133422119586,25.54403364875722,22.943722847145988
