F,p_value,restricted_rss,unrestricted_rss
8.131318118262376,0.0014490325779965563,0.017820143396889854,0.01168839678216404
