F,p_value,restricted_rss,unrestricted_rss
12.617355283595993,3.53300472082374e-05,3972316.579471585,2657426.5717778658
