F,p_value,restricted_rss,unrestricted_rss
9.676922584572882,0.00027365261632850135,1.333392390921205,0.9665855757206675
