RSS,TSS,R2,R2_Adjusted,Intercept,Base_Slope,Hinge_Coefficients,Segment_Slopes,Break_Years,Num_Breaks,Break_Indices
0.0817053261912082,14.177330770683428,0.9942369034402327,0.9936488323627055,1.2239776610118775,0.016644176676995102,"[0.054655063654187895, -0.067795127270717, 0.10871150518118358]","[0.016644176676995102, 0.071299240331183, 0.0035041130604659965, 0.11221561824164958]","[2004, 2015, 2020]",3,"[34, 45, 50]"
