RSS,TSS,R2,R2_Adjusted,Intercept,Base_Slope,Hinge_Coefficients,Segment_Slopes,Break_Years,Num_Breaks
613.6019533659193,44873.170777697924,0.9863258614728674,0.9849305412149967,17.027718517144102,0.872615653222248,"[4.388926911483176, -7.381641909145417, 6.153633176504538]","[0.872615653222248, 5.261542564705424, -2.1200993444399927, 4.0335338320645455]","[1999, 2004, 2009]",3
