RSS,TSS,R2,R2_Adjusted,Intercept,Base_Slope,Hinge_Coefficients,Segment_Slopes,Break_Years,Num_Breaks
2762.7837855493617,499019.87470189756,0.9944635796576243,0.9938986388063615,43.6270281010491,0.6898873760165309,"[2.1984983104382314, 11.001682230837504, -7.077489049150134]","[0.6898873760165309, 2.8883856864547623, 13.890067917292267, 6.8125788681421335]","[1987, 2004, 2017]",3
