RSS,TSS,R2,R2_Adjusted,Intercept,Base_Slope,Hinge_Coefficients,Segment_Slopes,Break_Years,Num_Breaks
5978.736614370724,1921789.0808116766,0.9968889735746415,0.9965715218985844,50.6032377503617,4.601798669160397,"[24.975047218731195, -26.244622035678745, 31.754319777891578]","[4.601798669160397, 29.576845887891594, 3.3322238522128487, 35.08654363010443]","[2004, 2015, 2020]",3
