RSS,TSS,R2,R2_Adjusted,Intercept,Base_Slope,Hinge_Coefficients,Segment_Slopes,Break_Years,Num_Breaks
36.330046057835006,4698.235802413873,0.9922673004111098,0.9914782494326516,0.8834708218020576,0.5382019328765705,"[0.5265436017546146, -1.1738758428307603, 1.0280947444556288]","[0.5382019328765705, 1.064745534631185, -0.10913030819957537, 0.9189644362560534]","[2005, 2011, 2016]",3
