RSS,TSS,R2,R2_Adjusted,Intercept,Base_Slope,Hinge_Coefficients,Segment_Slopes,Break_Years,Num_Breaks
17.136755875487097,3149.9847560659264,0.9945597337122071,0.9940046044991669,-0.1885604062245167,0.10740923855454465,"[1.5248788183023978, -1.6587068923562949, 1.7672214081990505]","[0.10740923855454465, 1.6322880568569424, -0.026418835499352422, 1.740802572699698]","[2005, 2014, 2020]",3
