RSS,TSS,R2,R2_Adjusted,Intercept,Base_Slope,Hinge_Coefficients,Segment_Slopes,Break_Years,Num_Breaks
0.050596767614337186,6.151433603757343,0.9917748006605432,0.9909354946054967,-0.015855216697183584,0.00504641571259336,"[0.029103482898983377, 0.037827952420372395, -0.04891648873666799]","[0.00504641571259336, 0.03414989861157674, 0.07197785103194913, 0.02306136229528114]","[2001, 2013, 2018]",3
