RSS,TSS,R2,R2_Adjusted,Intercept,Base_Slope,Hinge_Coefficients,Segment_Slopes,Break_Years,Num_Breaks
559.077263896475,110195.91955318204,0.994926515735216,0.9944088132592176,43.76761409747465,2.913649018115848,"[-2.6836954434245444, 5.458063787281378, -3.184487215096492]","[2.913649018115848, 0.2299535746913035, 5.6880173619726815, 2.5035301468761895]","[1998, 2003, 2008]",3
