RSS,TSS,R2,R2_Adjusted,Intercept,Base_Slope,Hinge_Coefficients,Segment_Slopes,Break_Years,Num_Breaks
2.582031537195892,232.43426496834954,0.9888913472480166,0.9877578112529163,0.6622292492235431,0.07075489616336679,"[-0.07306403224053468, 0.536552778664946, -0.39891760413815813]","[0.07075489616336679, -0.0023091360771678865, 0.5342436425877781, 0.13532603844962]","[1998, 2005, 2010]",3
