RSS,TSS,R2,R2_Adjusted,Intercept,Base_Slope,Hinge_Coefficients,Segment_Slopes,Break_Years,Num_Breaks
0.18548269022241956,106.06155043982179,0.9982511787782353,0.9980727276331574,1.0372255105456576,0.013445123092790993,"[0.04045305449233586, 0.12395910651761423, 0.11289009499075858]","[0.013445123092790993, 0.053898177585126855, 0.1778572841027411, 0.2907473790934997]","[1990, 2005, 2020]",3
