RSS,TSS,R2,R2_Adjusted,Intercept,Base_Slope,Hinge_Coefficients,Segment_Slopes,Break_Years,Num_Breaks
0.10828818592493966,66.19490984383715,0.9983641010135008,0.9981971725454907,0.6765624406840604,0.009044735333446012,"[0.04827454731878502, 0.07543091766298213, 0.07997278284242969]","[0.009044735333446012, 0.05731928265223103, 0.13275020031521317, 0.21272298315764288]","[1992, 2005, 2020]",3
