RSS,TSS,R2,R2_Adjusted,Intercept,Base_Slope,Hinge_Coefficients,Segment_Slopes,Break_Years,Num_Breaks
16.941907799720674,34071.267252265185,0.9995027508758544,0.9994520111693089,49.60696018983424,1.0150778684868347,"[0.7902942567886073, 0.3608946858565242, 0.5390776224530829]","[1.0150778684868347, 1.805372125275442, 2.1662668111319663, 2.705344433585049]","[1994, 2010, 2020]",3
