RSS,TSS,R2,R2_Adjusted,Intercept,Base_Slope,Hinge_Coefficients,Segment_Slopes,Break_Years,Num_Breaks
0.8292300303390063,172.64684828271547,0.9951969581918976,0.9947068518849483,2.84582627683313,0.06619755640424163,"[0.10811601760245657, -0.14133188174340333, 0.04227185839975305]","[0.06619755640424163, 0.1743135740066982, 0.032981692263294865, 0.07525355066304792]","[1979, 1997, 2003]",3
