RSS,TSS,R2,R2_Adjusted,Intercept,Base_Slope,Hinge_Coefficients,Segment_Slopes,Break_Years,Num_Breaks
0.00451775268510592,0.672742653106988,0.9932845752172228,0.9925993277904088,0.10285950315694806,-0.004905345069229766,"[0.009418331082246129, 0.010360736135074053, 0.01322083455945699]","[-0.004905345069229766, 0.004512986013016362, 0.014873722148090416, 0.028094556707547406]","[1984, 2006, 2020]",3
