RSS,TSS,R2,R2_Adjusted,Intercept,Base_Slope,Hinge_Coefficients,Segment_Slopes,Break_Years,Num_Breaks
0.00041387900790352937,0.01985261869085533,0.9791524224411677,0.9770251186086338,0.1283859161352608,0.0016725542334589984,"[-0.00280180062050481, 0.005366702994776554, -0.008239012495135763]","[0.0016725542334589984, -0.0011292463870458116, 0.004237456607730742, -0.0040015558874050205]","[2003, 2008, 2013]",3
