RSS,TSS,R2,R2_Adjusted,Intercept,Base_Slope,Hinge_Coefficients,Segment_Slopes,Break_Years,Num_Breaks
9.884653683690479,1608.588273943533,0.9938550753826784,0.9932280422584618,20.59411070710479,0.5904111249847235,"[-0.5195390579052632, 0.5337970768457516, -0.6272969710546783]","[0.5904111249847235, 0.07087206707946025, 0.6046691439252119, -0.022627827129466427]","[1993, 2003, 2008]",3
