RSS,TSS,R2,R2_Adjusted,Intercept,Base_Slope,Hinge_Coefficients,Segment_Slopes,Break_Years,Num_Breaks
22.629037804825185,21360.18418777959,0.9989405972530063,0.9988324949318845,1.7920840142651977,0.3918094021224692,"[-0.7850094244458582, 0.9156751985225887, 2.951208933693544]","[0.3918094021224692, -0.393200022323389, 0.5224751761991997, 3.473684109892744]","[1989, 1995, 2007]",3
