RSS,TSS,R2,R2_Adjusted,Intercept,Base_Slope,Hinge_Coefficients,Segment_Slopes,Break_Years,Num_Breaks
0.9762367691514967,884.7705246468723,0.9988966215058519,0.9987840318635919,4.976703814907748,0.06972647576963747,"[0.14939710566075576, -0.10495871154931521, 0.2940129289890698]","[0.06972647576963747, 0.21912358143039323, 0.11416486988107802, 0.4081777988701478]","[1976, 1998, 2005]",3
