RSS,TSS,R2,R2_Adjusted,Intercept,Base_Slope,Hinge_Coefficients,Segment_Slopes,Break_Years,Num_Breaks
3542.382964759844,20759.28124015758,0.8293590744410111,0.8119467350982571,29.982430523013345,1.1647930024060211,"[6.237097678664697, -12.818503895556457, 6.579101729257301]","[1.1647930024060211, 7.401890681070718, -5.416613214485739, 1.162488514771562]","[1983, 1988, 1993]",3
